book_id,comment_id,comment_username,comment_timestamp,comment_location,comment_rating,comment_content,comment_isuseful
6518605,3678666406,世明,1675433363,天津,5,我感觉读完三体我不是我了,0
6518605,3678524581,上善若水,1675427550,湖北,5,不谈宇宙的宏观与生命体的微小，光是人性的善与恶就足够深刻的体会。,0
6518605,3678485751,有序度在降低,1675425657,山东,5,只能满分了,0
6518605,3678389545,笑脸,1675420298,北京,5,"脑洞很大，力荐。
人多渺小，作者带你贯穿宇宙纪元。
提升宇宙观的佳作。",0
6518605,3678221270,罗伯斯庇尔,1675410677,天津,1,随着年龄的增长，我越来越厌恶这本书,0
6518605,3678104235,喏，次饼干,1675403789,江苏,5,"不管在哪，人性都不会让人失望
宇宙如此宏大，我有个猜想，我们所说的神仙不就是高维度群体，因为高维度意味着拥有更多选择和干预事物的能力",0
6518605,3678027580,小D发呆是常态,1675399236,山东,5,2022年底，三体电视剧开播之前看完了全三部，感觉今后每一次抬头看星空都仿佛看见命运的齿轮在暗夜里一直缓缓转动，从古到今从未停止过。,0
6518605,3677997266,Akai_念云,1675397432,日本,5,补卡,0
6518605,3677964867,简兮,1675395409,广西,5,"大刘的科幻真的很硬，的确像未来的史书。
他对社会的思考也体现得淋漓尽致，想象力翱翔于星空却无一不映照着现实。",0
6518605,3677935031,Aichimlt,1675393543,江西,5,重读补标，原来我并不讨厌程心。,0
6518605,3677845483,醋醋,1675387097,浙江,5,几年前看的，至今还有印象的只剩第三部女主是个圣母了。,0
6518605,3677781843,花吃了卡百利,1675375958,广东,4,刚开始读的时候，最喜欢第一部的红岸基地部分还有三体游戏部分，读到第二部开头的时候，感觉有点阅读困难了，放下了一阵。后来再重新拾起，非常佩服大刘的想象力，因为对于我这种理科学渣来说，真的无法想象，有时候甚至难理解，但是就是觉得很厉害。,0
6518605,3677733786,日木斤,1675364385,北京,5,很好看的书，但是不想让它成为回忆,0
6518605,3677729691,甜味氟利昂,1675363862,吉林,5,我的科幻启蒙作品，看完三体又去看了不少阿西莫夫，对科幻类作品有一种神秘的敬佩。,0
6518605,3677643837,蹦床,1675357060,北京,5,"9
第一部对三体游戏印象很深，人肉摄像机汪淼hhh，叶文洁倒是很有探讨的意义，她的所作所为依然保有那个年代的激进或者说只能在那个年代出现。9
后面两部有时间再回忆吧。",0
6518605,3677506276,high,1675351462,上海,5,脑洞真是太大了 叹服,0
6518605,3344050661,momo,1675350194,辽宁,5,2023年春节看完的，宇宙观令人震撼，真的是读完之后看这个世界都不一样了的一部作品。第二部最精彩，第三部云天明的故事也很精彩，整体除了第三部程心和莫名其妙的爱情和里面某些很少量的对女性的描写的塑造真的很令人无语外，真的很好看！！,0
6518605,3677467504,大使,1675350124,湖南,5,虽不完美，如第二部写罗辑与庄颜的爱情非常直男，如第三部欲显程心之长厚而似伪，状天明之多智而近妖，仍然无法掩盖大刘无与伦比的想象力。,0
6518605,3677267338,豆友lcAZaXltgA,1675343020,山西,4,精彩的内容，跳跃的思维让我的内心受到了巨大的震撼。,0
6518605,3260788923,不知道叫什么名,1675331257,广东,5,耗时14天读完,0
6518605,3676942287,果-然,1675327281,辽宁,5,看完了深深影响我的世界观,0
6518605,3676780283,Jia,1675318889,安徽,5,他让我大开眼界 不禁开始怀疑除了地球上的生物 别的星球也有生物的存在，若彼此之间开始有联系之后到底是能共存还是要争个你死我活,0
6518605,3676768252,馅饼狗子,1675318268,河南,5,世界观宏大想象力丰富逻辑严密，太可了！可以从叶文洁的故事里读到人性，能感受到云天明深深地孤独感……文中描写的罗辑、章北海、维德、澳大利亚的土著都很丰满深刻。关于对《三体》游戏，黑暗森林法则、对未来世界的畅想也是让人拍案叫绝！,0
6518605,3676763232,YatChit,1675318006,浙江,5,大结构的科幻，社会宇宙学🐮,0
6518605,3676735364,豆友aEt8jkiogI,1675316512,江苏,5,第二部黑暗森林yyds,0
6518605,3676694312,Celestial,1675314357,北京,5,中国科幻巅峰之作,0
6518605,3676584323,礼貌,1675308250,江西,5,第三遍ing，不多说，三体yyds,0
6518605,3676503443,燕北,1675303256,天津,5,从在科幻世界连载时候就跟着读，感动于黑暗森林最后温暖的开启威慑纪元。,0
6518605,3676460506,焰火少女,1675299923,浙江,5,第一部的“古筝计划”，第二部的黑暗森林法则，第三部的维度跌落、黑域、小宇宙…一部比一部超越想象。印象最深的两句话：失去人性，失去很多；失去兽性，失去一切。弱小和无知不是生存的最大障碍，傲慢才是。,0
6518605,3676370341,请喂我一把狗粮,1675280659,甘肃,5,第一部比较好看。,0
6518605,3676318812,gammagang,1675274436,新加坡,5,被震撼到了凌晨四点,0
6518605,3676307652,Desmo,1675273616,湖南,5,！！！不要回答,0
6518605,3676254557,我担何时长胖点,1675270519,河北,4,我很讨厌刘慈欣对女性的看法。,1
6518605,3676153414,大雨滴,1675266564,北京,5,看完一段时间了，内心依然震撼，一把将我拉进科幻小说大门，才意识到原来科幻小说这么有意思，想象力是拓展思维的天堂！,0
6518605,3676098151,大奔,1675264822,湖南,5,很早之前读的 读了什么忘了 但那种震惊感忘不了 有机会再补课,0
6518605,3676077672,请叫我小浣熊,1675264186,浙江,5,好几年读的，现在就是追电视剧，哈哈哈😆,0
6518605,3676060199,👊,1675263679,内蒙古,5,中国人的科幻小说,0
6518605,3676054155,雨化清秋,1675263489,上海,4,其他版本,0
6518605,3676036241,Great,1675262945,湖北,5,神中神。,0
6518605,3676021882,Tracy,1675262510,江苏,5,几年前读过，文笔一般，但是创意很棒。,0
6518605,3676015478,亮了个亮。,1675262308,贵州,5,震撼到必须反复阅读，至今词穷到没办法好好的评价一番。,0
6518605,3675986837,Enya陈小懒,1675261416,云南,5,"宇宙的总物质的量保持不变！！！
一个科幻的世界，又透出真实的人性来。在宏伟的宇宙大环境里，各色的小环境，各种绚丽的文明在竞争中淘汰对方，也最终淘汰自己。超级文明是多么精美的存在，在超级文明面前，每一个宇宙中的小文明都是渺小脆弱，不堪一击的，是可以随时随意摧毁的。作为地球🌍文明中的我们，要不顾一切的珍视这份存在的幸运，毕竟，在无限的宇宙世界中，在静默的黑暗中，能够存在已是莫大的幸运。请敬畏生命，敬畏自然！！！",0
6518605,3675888662,凌逸绝尘,1675258218,上海,5,开年的科幻盛宴，流浪地球2，三体电视剧和重读三体,0
6518605,3675868725,豆瓣管理員,1675257502,湖北,5,"三体电视剧的上映
重读了这本书
有些细节有了新认识
最感触的是失去人性，失去很多，失去兽性，失去一切。
像女人一样的男人😂
以前居然没怎么注意",0
6518605,3675558508,已注销,1675241870,湖北,5,花了26小时58分钟阅读完，真的太长了，也太震撼了，完全打破了我以往的认知，作者想象力很丰富，寒假读了一本很有意义的书，棒！1月30号读完的！,0
6518605,3675507644,HeyMark,1675239330,安徽,5,第一次阅读科幻作品就读到三体是一件非常幸运的事情。,0
6518605,3675439879,豆友_5S2xEtJC4,1675235879,辽宁,5,消灭你，与你无关,0
6518605,3675421428,狐狸yolo,1675234915,陕西,5,是深刻改变三观的一本书，是充分了解人性的一本书,0
6518605,3675323474,拾徽玉,1675229943,安徽,4,一个人装下了浩瀚的世界,0
6518605,3674995173,samibacon,1675203755,日本,5,不错的,0
6518605,3674925131,阿素,1675188761,陕西,5,我只想说：惊艳！还会二刷的！,0
6518605,3674855025,鱼塘,1675184202,辽宁,5,刚开始断断续续的看，直到慢慢渐入佳境，引入黑暗森林法则：生存是第一要义之后，这本书开始展示出它的魔力，我真的太爱罗辑了，人类不感谢罗辑，罗辑也并不在乎，他只是在做他认为的最重要的事，枯坐几十年，震慑整个三体世界，要问他做的这些值得么，就是为了这帮反复无常对待他的人类，我想他早在那个墓碑要对峙三体世界的那一刻，他就想好了。做那烛火，燃烧自己，我将无我，不负人民。,0
6518605,3664817551,灞波儿奔逃走辣,1675182030,河南,5,如果所有的小宇宙的能量都重新释放到大宇宙，大宇宙质量总和不变，那么重新成为奇点，再爆炸后，会不会形成一个与原来的宇宙一样的新宇宙，产生的文明也是与之前的文明相同，又有一个新的地球，新的三体世界……然后历史重演，再爆炸……,0
6518605,3674744527,udawjf,1675179926,天津,5,五体投地,0
6518605,3674594718,泡泡,1675174956,广东,5,我给大刘献上我的膝盖,0
6518605,3674564956,独角长颈鹿,1675173896,北京,5,中国的巅峰之作，不仅有独属于中国人的浪漫思维，更能站在人类种群的立场上开脑洞，佩服！,0
6518605,3674489394,天天向上,1675171166,上海,4,看完三体二 ：章北海叛逃背后的秘密 黑暗战争的残酷且真实，水滴之战的挫败。天马行空的想象 故事结构宏大。三体三 空洞 无知 单薄的女主毁了整部小说， 最想看的 还是 蓝色星球 流浪外太阳系,0
6518605,3674386831,Cathy,1675166629,浙江,5,❤️❤️❤️❤️❤️,0
6518605,3674181350,橘温暖茶,1675155288,河北,5,无知和弱小从不是生存的障碍，傲慢才是,0
6518605,3674029496,霭霭停云,1675147046,云南,5,第一册印象深刻，后面因为是文科生无力理解了,0
6518605,3673916976,无桐,1675141058,广西,5,想象力是这个年代最宝贵的财富,1
6518605,3673871029,Yellow,1675138583,云南,5,大刘那理科生的浪漫，刘慈欣的科幻小说相比其他科幻，最大的特点是对社会和人性的描写与解刨。,0
6518605,3673869264,海苔杀手鼠鼠子,1675138484,浙江,5,"文笔确实较为通俗，但用“非常平庸”“比网文还差”来评价这部作品显然是不合适的。对于一部科幻小说而言，拥有如此广阔的想象力与宏大的世界观架构便已足够，并不需要多么绚丽的文笔支撑。这部文学作品的诞生与存在便是绚丽本身。

如果用色彩来概括这一系列，那么第一部是暗红的砂土色，纹理古旧而粗糙；第二部是纯粹的黑白色块交织，别无杂色；第三部则是一幅抽象绘画，是无边的浓稠黑暗中胡乱涂写的缤纷线条、恣意泼洒的斑斓油墨。从第一部到第三部，宇宙地图不断扩张点亮，却在最终时刻被烧毁，回归质朴的原始。三体并非这部书的主角，它仅是一个引信、一个与地球同样微茫渺小的存在。真正的主角是自身命运莫测的宇宙——但它也仅是一具脆弱的软壳。唯一的胜者，只有时间。",1
6518605,3673757288,景露,1675131956,河南,4,科技感十足，文学艺术一般,0
6518605,3673718407,马萨诸塞的沉思,1675129319,江苏,4,中国少有的优秀类型文学作品,0
6518605,3673542875,Ithil,1675101545,新疆,5,永远忘不了第一次读的震撼,0
6518605,3673501187,河野纯喜子哥,1675098745,湖南,5,悬疑、神秘、震撼。,0
6518605,3673341229,🐟🐱森,1675092756,四川,5,不要说话,0
6518605,3673261955,赫焉的雏菊,1675090332,山西,5,这大哥的脑子也得是个电脑啊,0
6518605,3673231364,momo,1675089308,天津,5,中国科幻天花板,0
6518605,3673130545,梨懿殢香人,1675085891,浙江,5,补 手机上看的,0
6518605,3672864666,正在输入919,1675073133,江西,4,第三部也太离谱了，圣母玛利亚……,0
6518605,3672824037,never  land,1675071032,四川,5,标记看过,0
6518605,3672746022,tttttttst,1675067285,广东,5,一直在读一直在想,0
6518605,3672686540,M-neverback,1675064485,陕西,4,4.5,0
6518605,3672648473,秦R,1675062667,广东,5,想打六星！值得！,0
6518605,3672561147,小仙女878,1675059022,广东,4,花了一个月时间勉强看完，被作者的知识量折服，这本书涵盖了天文，物理，历史，人文，化学，数学，政治甚至哲学，刚看的时候迟迟不能投入，因为那些晦涩难懂的知识实在是让我这种学渣难以理解，直至后续三体世界的展开我才慢慢懂得其中之意并直呼精彩！但这部小说里对女性的描写确实如很多朋友所说刻板且男凝，尤其是程心，她仿若一个推动剧情的工具人，描述了很多，但是令人观感不适。最后大结局，与前面的紧凑情节相比略显仓促。总而言之，一口气读完酣畅淋漓，若想知其深意，还得继续多次回读。,0
6518605,3672429610,Tachyon,1675052113,重庆,4,不要回答不要回答不要回答,0
6518605,3672329092,fratore,1675046441,宁夏,4,瑰丽的太空幻想,0
6518605,3645355324,BigpepperStark,1675044269,黑龙江,5,算是我的科幻入门启蒙之作，感受到了大刘超凡想象力的同时感觉到人类的渺小，理解了真正的降维打击。地球的力量那么小，可人类却如此傲慢，但真正要做的还是要走出去，去变革，才有新的未来可期待；一开始很讨厌章北海和维德草菅人命，可是看到最后才知道，开阔的思路才能拯救更多的人；罗辑！罗辑！罗辑！从前放荡不羁，到最后成为面壁者，执剑人，守墓者，叶文洁，三体文明几经斗争却依然逃不过黑暗森林，宇宙真的太宏大了；程心啊程心，我说你点啥好啊。,0
6518605,3672251257,长相回顾,1675041583,安徽,4,其实真的想给五星 我非常非常非常喜欢这本书 只是看到一些对女性对印象让身为女性的我有些不适 如果有四星半的话我会打四星半,0
6518605,3672235754,过水秋葵,1675040048,山东,4,想象力很强，文学性差些,0
6518605,3672027486,XIAO,1675011403,上海,5,神作 颠覆三观,0
6518605,2986023562,宇果,1675010642,天津,5,🤚,0
6518605,3671822525,春水煎茶,1675004230,山东,5,二刷ing,0
6518605,3671791695,Kichi,1675003263,北京,5,"又重新读过一遍，在过于浩瀚的宇宙尺度下，小小虫子如我只有震撼。珍惜当下，过好这一生就够了。

PS：快速通读使我把许多人物的故事线连贯地穿在了一起，功过是非反而不在当下，大家始终都是在看自己想要看到的东西。关键个人选择或许可以左右历史，但社会群体的无意识选择才推动了整个群体共同的命运。",0
6518605,3671764858,六七,1675002403,重庆,,好看,0
6518605,2237807473,LYNNE,1675000729,内蒙古,4,好看 感觉是真实的人性 就是后面看的太累了,0
6518605,3671688113,逍遙子,1675000018,广东,5,可不可以把一个书的放在一起啊,0
6518605,3671417314,云木,1674989898,广东,5,花了两个星期重温，瑕不掩瑜，值得五颗星的伟大想象力,0
6518605,3671314418,joker,1674985351,内蒙古,5,天马行空，yyds,0
6518605,1425137191,风一样的胖子丶,1674983280,四川,5,把世界拉到宇宙里，感觉眼前的的烦恼突然没之前那么烦恼了，给我平淡的生活增添了很多想象的空间,0
6518605,3671189824,墙上的寻人启事,1674979916,江苏,5,叹为观止。,0
6518605,3671154573,豆友x2MTc-UjN0,1674978354,北京,5,给时光以生命，给岁月以文明,0
6518605,3671144785,和颂,1674977890,安徽,5,00后的科幻启蒙,0
6518605,3671111769,yuzufly,1674976392,河南,5,重温,0
6518605,3671111129,赛博世界不真实,1674976365,湖南,5,初二的时候在宿管老师监视下在被窝里打着灯看完了，现在这么多年过去了仍然记忆犹新，对我个人的价值观塑造起着举足轻重的作用,0
6518605,3671086893,黄黄黄红红羽,1674975279,上海,5,除了无以言表的震撼，不知道还能说什么。,0
6518605,3671026110,斯鱼何食,1674972464,陕西,4,看的初版，注水痕迹严重，但依然不失为人生必读之经典。,0
6518605,3670948591,广泛阅读明思考,1674969026,上海,5,中国科幻文学迄今为止最高峰,0
1068920,3679557239,小红人,1675497713,吉林,2,整本书我最讨厌的两个人：思嘉和希礼。作者成功的塑造了一个愚蠢虚荣又自私的女主人公，她的贪婪头脑简单和后知后觉让她最后失去了所有想要得到的东西。希礼，一个自私怯懦的懦夫，配不上梅利的爱。厚厚几本书，读完了实在是食之无味弃之可惜，不知道作者要表达什么。,0
1068920,3679235753,保温杯里泡枸杞,1675479797,辽宁,4,……,0
1068920,3679056101,吃葡萄大王,1675453630,广东,5,一部值得反复品味的经典,0
1068920,3678928237,ZAPHEARTYET,1675443005,贵州,5,宏大的一生,0
1068920,3678784740,蚊子不倒翁,1675437445,广东,4,骄傲、自信、叛逆、任性，是我对思佳的初印象。勇敢、讲义气、聪明，是在阅读过程中她带给我“眼前一亮”的感受。,0
1068920,3678460696,昔年,1675424418,上海,4,"昨天开始读的一本名著《飘》，一直以为这是一本晦涩难懂的书。却极其流畅的读完2分之1。同样是小女生的爱情，名著好的一点是，在爱情中加入了更宏大的背景，以及更鲜明的冲突。即使是小公主一样的斯嘉丽，也常常要经历自我与外在的对抗，爱情不是脑海里想象的样子，生活也不是。
每个女生大概都会经历斯嘉丽的故事，曾经以为的世界都是自我构建的，未来比什么都圆满。喜欢的人往往是虚荣心多于爱情，后来才发现只是相思延长了这段感情的寿命。生活也是一样，梦想中未来会居住的十二棵橡树庄园，也不过是一颗炸弹就足以摧毁的，最终生活只有我们自己。即使经历过很柔弱无助的时间，也会勇敢的踏出过去的世界，保护别人，保护自己。很适合18－25岁的女孩读。",1
1068920,3613997947,蜡笔小鑫,1675367855,山东,3,看了一段时间，勉强看完了第一部分。翻译得挺好，但不是我喜欢的要追着读的，算了吧。,0
1068920,3488543994,呵呵呵,1675343759,广东,4,很好看,0
1068920,3677166738,momo,1675338631,福建,4,衣服很好看，真正的女性视角吧😌但是太长了对我来说,0
1068920,3677002120,秋天的水不要拆,1675330293,河南,3,不太适合男生,0
1068920,3676464491,嘟嘟嘟嘟鸡,1675300256,美国,5,印象最深刻是梅兰妮在战争中生孩子，看得感动掉眼泪。还有之后梅兰妮对斯嘉丽的信任和支持，真是个很好很善良的人。btw我真没想到最后是BE…,0
1068920,3676418635,helen,1675294918,浙江,4,Gone with the wind,0
1068920,3676044480,GTHC85,1675263196,上海,5,经典,0
1068920,3652629251,饿饿blabla,1675261758,浙江,4,看了40%后渐入佳境，终于啃完了这本书。思嘉和瑞德的爱情，天呐(T＿T),0
1068920,3675942233,旭啊啊啊啊,1675259965,天津,4,听的有声书。我觉得故事写得是不错的，女主的成长也很明显，但我更喜欢书中对当时美国社会背景的描写，尤其是在政治正确的当下已经很少看到对deep south的正面描写了。不愧是美国名著。,0
1068920,3675761597,Elaine,1675253117,上海,5,好喜欢,0
1068920,3490997600,十一点熄灯,1675237544,河南,4,"“tomorrow is another day” 这是思嘉惯用的防卫方法，可她也确实能以冷酷而坚韧的行动排除难处，得到自己所想要的东西。她为了达成目标可以舍弃当时许多南方人所景仰注重的品质，又能从热爱的土地上汲取力量，尽力满足生活的品质。
幸而有媚兰这么一个真诚高尚的朋友可以令思嘉倚仗，有瑞德这么一个狡赖却可怜的男人了解并引导她。对卫希礼的爱是认识不足下的盲目，对瑞德的爱却要使他心碎后才醒悟。
通过《飘》对美国南北战争和党派之争多了一些了解，也要从多方面看待历史吧。
傅东华的翻译功力着实深厚，考虑到东西方文化差异，经他之手使这部作品在阅读时更适合中国人的习惯，很符合我心目中意译的标准。",0
1068920,3674996793,游仙散人,1675204424,安徽,5,好书，力荐,0
1068920,3673937399,豆友5283670541,1675142187,河南,5,"yyds,我最爱的女性角色没有之一，郝思嘉的那句口头禅也一直激励着我“Tomorrow is another day”",0
1068920,3673904590,神秘的小猫咪A,1675140420,江西,5,看到最后没有爱情只剩下庄园心满意足地合上了书 该随风飘去的就去吧 真正值得留下的绝对不是爱情,0
1068920,3673871122,二二二二二狼神,1675138589,河南,5,女性意识崛起的启蒙。,0
1068920,3673812652,Sunshine,1675135488,北京,5,非常非常喜欢的一本书，书中详细记载了美国南北战争那段历史。通过男女主的爱情故事，介绍了当时的社会风俗习惯，服装等。看完久久意难平，在此后的很长一段时间里都难以自拔。优秀的文学作品总是那么有魅力，强烈推荐给大家。,0
1068920,3673360435,沁白透绿,1675093368,河北,5,我简直太喜欢里面的感情描述了,0
1068920,3673056716,太安鱼Bula,1675082804,湖北,4,女生们都来读一读，学一学。之后再去决定要坚持怎样的世界观、人生观、价值观，乃至恋爱观。,0
1068920,3673000499,嘟嘟嘟嘟~~,1675080138,河南,4,毕竟，tomorrow is another day！,0
1068920,3672855098,关门弟子,1675072633,天津,4,高中时候读的了，感觉男主很有魅力,0
1068920,3672623125,希,1675061401,广东,5,特别特别特别喜欢女主,0
1068920,3672492530,LOONATIC,1675055512,湖南,5,永爱,0
1068920,3672371472,吧啦吧啦,1675048816,江苏,5,从小就反复看的一本书，电影也很爱,0
1068920,3672325118,喜羊羊,1675046214,江西,5,小时候看过，只关心爱情故事了，不过真的是很特别的男女主，过段时间重新看一下会不会有特殊的感受,0
1068920,3672300768,固执的傻瓜,1675044861,吉林,4,以前看过的补标一些,0
1068920,3672240142,余生皆是归途,1675040486,云南,5,独立自主坚强美丽的女主。,0
1068920,3671827797,🍋,1675004383,北京,5,很多年前的寒假实习，比起实习，更大的收获是利用空余读完的这本书。历史，战争，阶级，错位的爱情，还有斯佳丽的，我们的人生,0
1068920,3671786906,怀瑾握瑜,1675003116,湖南,4,只要自己足够优秀，没有爱情又何妨？,0
1068920,3671636719,冻干粉粉,1674998430,山东,5,Tomorrow is another day,0
1068920,3671597772,Mingo,1674997092,湖南,5,看完之后就完全哽住了，我很难说出我此刻的心情。然而我觉得作为文学作品，停在这里是最美的，破碎的美是最令人动容的。作为思嘉，她必然还将继续前进，从不回头看，相信明天是新的一天。,0
1068920,3670550929,余温,1674932133,河北,5,看过的书中最喜欢的,0
1068920,3670401482,楠方姑娘,1674923909,湖北,5,是蓬勃跌宕、而又充满生命力的斯嘉丽呀！Tomorrow is another day！,0
1068920,3670350086,et,1674922293,广东,,毕竟，明天又是另外一天了。,0
1068920,3670019828,Vicky,1674913173,上海,5,我最爱的女性题材小说，情节跌宕起伏，命运多舛而坚强。,0
1068920,3669953684,JeJe,1674911125,山东,5,"初中毕业的暑假读的，读的时候一直以为是happy ending，所以后半部分那么致郁都忍了。结果他妈是个be向半开放！！！！我直接裂了
难受了一个星期",0
1068920,3669947830,椰子和棉花🌸,1674910937,河北,4,小学时候看的，看得特别津津有味啊啊啊印象最深刻的就是女主穿绿色衣服那里，现在还忘不了。,0
1068920,3381900975,tcrwi,1674909771,北京,4,男人得坏而且有钱，女人得坏而且有钱。,0
1068920,2079611977,夏天的夏,1674908665,广东,5,书和电影一样精彩，百读不厌。 明天又是新的一天，这句话一直激励着我。,0
1068920,3669543850,枇杷树,1674896094,山东,5,史诗级的巨著,0
1068920,1804776921,鱼眼睛,1674891605,湖北,5,毕竟，明天又是另外的一天呢！,0
1068920,3669058930,Singin'in rain,1674876241,北京,5,补,0
1068920,3668260775,冯宝儿,1674827801,山西,4,女主敢爱敢恨，聪明果敢。时间过了很久，我有点不记得了，第一次读在初一第二次是看的电影在初三,0
1068920,3668120931,踏遍万水千山,1674823756,吉林,4,很喜欢的小说，很早就读过，印象非常深刻，经典！,0
1068920,3667700448,Fairycow77-,1674809066,四川,5,最最最喜欢的。,0
1068920,3132085455,CC,1674784193,河北,5,其他版本,0
1068920,3666999810,kellylyn,1674766098,贵州,5,有时在想自己的女性主义启蒙到底是从什么时候开始的，转念想到了《飘》，小学时在若干名著之中选择了这本书，当时只觉得被梗概吸引，到后面爱不释手，反复阅读，包括看了电影版《乱世佳人》。那时年纪小，不了解女性主义，但隐隐感受到一种悸动，这种悸动一直持续到上大学才慢慢明白，原来我的女性主义从那时就已经萌发，越来越能感受到好的女性艺术作品的重要性，要是玛格丽特米切尔能再留下点作品就好了！,0
1068920,3666719023,默尔索如是说,1674749670,北京,5,喜欢这本,0
1068920,3666566858,豆友VRi2p_ZJ9Y,1674745982,天津,5,不试试又怎么知道呢，即便现在的生活很痛苦，谁又知道明天发生什么,0
1068920,3662191244,蓉蓉rong,1674742649,重庆,5,此刻奶奶正在熟睡，一片安静的黑夜，没有人知道，我额头是在如何紧张，精神是在如何翻滚，又是在如何缓冲。,0
1068920,3666425428,罗乂山,1674742619,四川,5,"高中时候看的，
“明天又是新的一天”已经成了人生准则了，",0
1068920,3666239224,求索ss,1674737572,山东,5,人物的塑造让我很喜欢，是可以让我废寝忘食读下去的好作品,0
1068920,2430737957,想接近丞哥,1674734218,湖南,5,斯嘉丽是一个很立体的人，有着许多令人讨厌的缺点，但也不失为一名值得让人敬佩的女性。,0
1068920,3666087014,痞老板,1674732836,四川,4,我比较能get到的名著,0
1068920,3665589131,起个名很难,1674714415,广东,4,4.8吧，我不羡慕斯嘉丽，感情上太作以至于最后有点惨，但生活很理智。无欲无求勇敢生活会不会很完美呢？,0
1068920,3665514166,狂欢的绝佳时刻,1674711217,北京,5,明天又是新的一天。,0
1068920,3665429904,猫 ,1674707651,新疆,5,我喜欢斯嘉丽，她真实,0
1068920,3665397941,啦啦啦啦啦啦啦,1674706263,上海,5,美国南北战争前中后不同时期，站在战败方-南方人的角度，描写了以主角郝思嘉在面对旧制度旧文明的崩塌后的成长和奋斗。本书，尤其是之后改编成电影的《乱世佳人》因其对蓄奴的立场和白人主义的倾向还有对南北战争历史的解读在近年引起了巨大争议，历史需要归纳和总结，但是文学，特别是伟大的小说，正是在反抗归纳和总结，正是为了让个人从群体中分离出来，展现出个人的独特性。所以虽然其中的一些内容的确和现在的主流价值观是偏离的（本书出版于1936年），但郝思嘉这个人物的刻画是非常值得一读，相信每个人都可以从她的成长和从不屈服的独立精神中得到鼓舞。一个叛逆自私的小女孩在不断地惨痛和苦难中成长和自我迭代成长为一个独立的女性。太难想象竟然是30年代的书，并且在40年代就引入中国了。,0
1068920,3664659450,问筠筠,1674660254,江西,4,"女主非常独立。
爱情错过又何妨",0
1068920,3664167479,Tank,1674648488,湖南,5,哇，标记一下以前读过的书。斯嘉丽是我学生时代的最爱。毕竟，tomorrow is another day!,0
1068920,3663811110,裹裹,1674638179,四川,5,@2019-08-22 17:40:04,0
1068920,3663733124,山木先生,1674635757,北京,5,乱世佳人。,0
1068920,3663010674,栗子脑袋,1674612860,北京,4,斯嘉丽成长之路,0
1068920,3662798082,Sunny.s ★,1674586596,上海,5,小时候鲜读的几本中且最喜欢的一本,0
1068920,2643754592,杨园卡拉特拉瓦,1674577935,山西,5,最爱梅兰妮，次爱瑞特。读到最后想起了福贵，不过结束的时候一个还年轻，一个已然度过一生。,0
1068920,3662392754,发条橘子emu,1674573656,黑龙江,5,Tomorrow is another day,0
1068920,3661960049,Pamy,1674564303,天津,4,2003年 购买的内蒙古人民出版社 李献民的译本（中英文对照） 现在网上已经找不到此版了，世界名著译本一直再完善都越来越棒了，读大学时因学的翻译，为了强制自己学习也算完整读完了，多年过去尽管具体情节已经有点模糊了 ，是值得推荐的一本书,0
1068920,3661595767,秋水,1674553525,北京,5,还是许多年前读过,0
1068920,3661400462,就这样吧,1674547527,湖北,5,真的好看。补标,0
1068920,3661273375,Sunnie,1674543409,江西,3,上学时要求的名著,0
1068920,3661124012,链鱼吃竿,1674538285,山东,5,"“tomorrow is another day.”特别喜欢斯嘉丽，永远为自己活着，热切的追求自己想要的东西
“我们俩真可说是天生的一对，因为你和我一样，为人冷酷、贪婪而又无所顾忌，在所有认识你的人中，只有我在看清了你的真实面目之后还会爱你。我爱上了你，因为我想碰碰运气。”",0
1068920,3484151982,yy,1674517531,内蒙古,5,她是我唯一的梦，唯一存在过，呼吸过，在现实中不消失的梦！,0
1068920,3660500758,豆友266817485,1674496346,江苏,4,文笔不错，内容充实，还有一分不给因为美化了奴隶主！,0
1068920,3660368378,默丰,1674491980,北京,5,第二喜欢的外国名著。斯嘉丽竟有如此如野玫瑰一样炙热旺盛的生命力非常强悍。非常有魅力的女人！但是她有些事情做的太作了，不计后果，如果能多三思，应该也不需要如此生猛辛苦吧。,0
1068920,3660246458,LORRY,1674489124,江西,5,不管怎么样，明天又是新的一天。我喜欢斯嘉丽的性格，在南北战争年代能够保持自我，不随风飘零，不沉溺爱情，里面太多对于爱情比较成熟的见解。“爱你的人如果没有按你所希望的方式爱你，那并不代表他没有全心全意地爱过你。”,1
1068920,3660215837,微笑魅影,1674488502,山东,5,有生命力的女主，很多年之后懂了那个老太太对斯嘉丽说的那句人要有点害怕的东西，希望永远不懂,0
1068920,3660062521,豆友yikJocngxM,1674485558,河北,5,受益匪浅,0
1068920,3659566806,王芷馨,1674474696,广东,5,天啊天啊天啊这是陪伴我初中高中的书 至少二十遍的畅读 让斯嘉丽深深刻在我身体里 在青春期对我影响最大的勇气由此而来 想要的自己争取 这是斯嘉丽给我的礼物,0
1068920,3659172233,见贤思齐,1674464411,浙江,4,结局令人满意,0
1068920,3658924960,cauchyliu,1674457703,重庆,5,"乱世里一朵生命力旺盛的野玫瑰，这也许就是美国初创那代人的真实写照。
错过，得到，再次错过，我相信不屈不挠的女主就像塔拉生生不息的野草，失去的明天总会争取回来。",0
1068920,3658889475,momo,1674456732,江苏,5,我的人生之书,0
1068920,3449441242,挖挖机,1674455171,四川,4,优美而伟大的作品。让人想到《呼啸山庄》。对战争和失去母亲的感受的描写非常深刻而感人。一开始不是很喜欢主角郝思嘉，但是中期开始成长起来的，在生活的压力下变得尖刻甚至有点冷酷的性格，很真实,0
1068920,3658051382,取名字好困难,1674413069,上海,4,超喜欢,0
1068920,3160786004,Rain112358,1674399960,中国香港,5,面对失败绝不屈服,0
1068920,3656426140,peter Cao,1674363594,云南,5,"也许是我还不够成熟，尽管看到了在时代的骇浪中，斯嘉丽成长出的坚毅，面对生活的勇气，媚兰保留的宽容，伟大的品格。沉溺于过去，裹足不前的希礼，作为人，作为男人（我心目中的榜样）曾经顶天立地的白瑞德，，
但在所有中，真正，让我感到无法释怀的是只有那二者错过的爱情😭😭
（于现在的我而言，飘，是一本爱情小说），不知是可惜还是可悲还是可贺。",1
1068920,3549509392,真真的眞,1674360319,四川,5,反复观看，以前只是觉得船长好爱思嘉，思嘉却不那么爱瑞德。现在发现女人靠自己最重要，不要完全依靠别人,0
1068920,3656130779,吟风,1674333153,浙江,5,时代的变迁，观念的转变，人生的际遇，以及吵吵闹闹的爱情。充满了烟火气，也充满了偏见和争斗。一场战争最后带来的不仅仅是胜败。生活也是战争的延续。,0
1068920,3656019602,eve,1674318471,湖北,5,五年级花了一整个下午的时间读完，当时很多地方都没读懂，但那是我第一次认识了如此具有生命力、如此强大的女主，震撼了当时年幼的我，然而现在的我也被斯嘉丽持续影响着，从某种程度来说也算塑造了我的价值观人生观吧。,0
1068920,3655860606,无限续份咖喱,1674306049,浙江,5,“她知道，媚兰曾是她的宝剑和盾牌，曾是她的安慰和她的力量。”,0
1068920,3655691824,Cueue,1674290935,江苏,5,认为飘不是名著且论据是引经据典而得来的人，傻逼浓度百分百,0
1068920,3655556062,哈尼酱,1674281217,山西,4,幽默风趣的瑞特和坚强怀抱希望的女主。,0
1068920,3655540319,幺幺,1674280059,浙江,4,Tomorrow is another day！,0
1068920,3655510148,无穷御坂,1674277938,浙江,5,他说过一切动人的话，却唯独没说过我爱你。,0
1068920,2160949877,爱简单,1674261148,江苏,3,高中时就买过飘的双语本，左边原著，右边翻译。所谓西方名著，西方人喜欢，中国人则未必。盖文化差异性吧，大多数国人看原著，想必如我，爱煞了费雯丽吧。,0
1068920,3655153126,haze,1674232370,安徽,5,一生只写一本书，足矣。,0
24531956,3266920440,+——孔,1675493094,江苏,5,魔法永存,0
24531956,3679341685,墨时,1675486150,四川,5,陪伴了我一个学期的读物，很有趣，买了双语版本,0
24531956,3679190983,德拉科的糖果,1675476910,浙江,5,童年启蒙书 永远的乐园,0
24531956,3679135950,醋醋,1675471926,浙江,5,每个人的魔法启蒙书,0
24531956,3679079449,nagi,1675459530,江苏,5,很遗憾没有在更小的时候读过，在这个魔法设定已经饱和的现在读了这本书，虽然很精彩，但是少了一点新奇。,0
24531956,3678927507,ZAPHEARTYET,1675442970,贵州,4,童年啦~,0
24531956,3678923704,奚山,1675442791,美国,5,童年,0
24531956,3678803567,Dark Park,1675438064,河北,5,开启梦想的一个系列。见证了第五册到第七册大结局的漫长等待，也等到了影视化没有魔改，成就了一个不错的系列电影，也读到了“成人专供”的《偶发空缺》（情节几乎不记得了）。感谢罗琳！,0
24531956,3678493209,奥斯曼,1675426003,陕西,3,有啥好看的，人名能把读者弄晕，内容注水有点严重，情节也不精彩，实在看不进去,0
24531956,3678398433,来点运气,1675420847,浙江,5,绝,0
24531956,3678391088,笑脸,1675420402,北京,5,只看过一本，哈利波特与魔法石，电影都看了。,0
24531956,3678330291,~Hoover~,1675416709,贵州,5,无须多言,0
24531956,3678174076,Ms.W,1675407973,上海,5,补 简直童年回忆,0
24531956,3678043791,清风拥星,1675400180,湖南,5,再也没有比这更好的魔法小说了吧,0
24531956,3678027343,mysissi,1675399222,上海,,小时候读的,0
24531956,3677910392,无悲渊,1675392036,福建,4,24岁读《哈利波特》已经太晚了，更何况当时我试图快速读完好和女孩子搭话，看是看了，啥也没记住。现在回忆起来，也只能说确实是一套优秀的青少年读物。,0
24531956,3677881629,北,1675390088,北京,5,从未接近过霍格沃茨。,0
24531956,3677823537,阿咩仔,1675384880,湖南,4,补,0
24531956,3677773930,庸書賊,1675373119,广东,5,最爱的哈利波特！自四年级走进这个魔法世界就被吸引住了，长大后只要听到看到相关的周边都会心生亲切感，如此神奇的魔法～,0
24531956,3677428058,豆友mzWcARRzdk,1675348758,安徽,5,打着手电在被窝里翻着书，是青春,0
24531956,3677379993,≈0,1675347167,河南,5,曾经的精神支柱，全册读了五六遍，不知道为什么要读，只是一遍又一遍地读。现在和未来估计再不会读她，但无论什么时候，只要有猫头鹰叼着信来，我都会带着全部，去到霍格沃兹。,0
24531956,3677046893,逃离重力,1675332729,广东,5,小说比电影好看,0
24531956,3516228943,momo,1675329632,山东,5,这大概是我继福尔摩斯后读完的最长的一本书了，八千多页，从一开始一个略带稚气的童话世界，到越来越黑暗复杂的魔法世界，人物塑造真的非常立体，每个人既有优缺点，也既复杂又特点鲜明。跟着角色一路成长，喜欢的角色从罗恩到赫敏到金妮再到斯内普（其实很多都爱啦），像是做了一场的惊险又刺激的梦，看完之后心里空空的，感谢罗琳创造了一部如此伟大的作品。本以为以现在这个年纪的我已经错过了遇见这本书的最好的时间，但是读完后想说，经典就是经典，永远不会随着个人或整个岁月的发展而褪色，书里所隐喻的现实世界，所讨论的哲学问题，都证明了这绝不仅仅是一部青少年读物。接下来就是去补电影，继续跟着哈利冒险啦。,0
24531956,3676980626,易予,1675329193,河北,5,童年经典，开启阅读的大门,0
24531956,3676905362,冉流光,1675325410,河北,4,那个魔法世界，是每个人的向往和冒险！,0
24531956,3676868463,Sohm,1675323519,山东,5,年少时的最爱读物，必须满分,0
24531956,3676856659,minemmax,1675322877,福建,5,最爱,0
24531956,3676504690,燕北,1675303345,天津,5,初中时候开始的魔法之旅，当时一年一本的期待，特别好的适合所有人阅读的儿童文学。,0
24531956,3676471591,稷下湖水怪,1675300852,山东,4,高二读的合订本（应当是盗版书），将近一周没怎么上课，看的昏天黑地,0
24531956,3676471427,月白,1675300836,山东,5,奇幻瑰丽的世界，我记得看过两遍,0
24531956,3676418491,helen,1675294896,浙江,4,陪儿子看的，他挺喜欢,0
24531956,3676241390,GranOla,1675269915,北京,5,永远记得四年级那个走进书店的午后,0
24531956,3676019066,momo,1675262423,山东,5,我小时候真的很爱。,0
24531956,3675802038,极限碳水少女,1675254912,江苏,5,什么都可以是假的，但霍格沃兹必须是真的！🥺,1
24531956,3675764480,🎋,1675253262,山西,5,长大后重读，仍然惊叹于罗琳天马行空的想象，令人叹服的叙事，别具斤心的构思，和其中蕴含的鼓舞人心的力量。它表现勇敢，表现爱，表现忠诚，表现智慧，也表现邪恶，表现权力和疯狂。它讨论政治，讨论平等，讨论自由，也讨论死亡。但最终，它希望我们无论身处何种困境，无论周遭如何黑暗，都要相信爱和勇气，要善良宽和，正直忠诚。,0
24531956,3675761335,Elaine,1675253105,上海,5,我的童年,0
24531956,3675656857,墨染,1675247398,黑龙江,5,好看就完事了,0
24531956,2491310705,itsmiracle,1675233879,福建,5,终于听完了，接下来电影抽空再过一遍。,0
24531956,3675340394,tiantian-angel,1675230745,陕西,5,贯穿了我的小学，中学，大学时代,0
24531956,3675324733,拾徽玉,1675229977,安徽,3,最伟大的莫过于创造了魔法世界,0
24531956,3675177840,Kiki_sweet812,1675222682,山东,5,我的小世界。想像哈利一样勇敢，也羡慕他有罗恩一家这样可爱的朋友。羡慕他得到过足够的爱，有足够的能量去支持自己面对世界面对挑战。希望我生命中也能出现邓布利多、小天狼星、斯内普…这样的贵人，希望大家能更多爱护我一些🙏🫶从小学一直爱到成年，浅黄色/浅绿色的纸张伴随我进入魔法世界，当时的那个小女孩从没想过自己能一口气看完这么厚几本书😸我和我的朋友们都很喜欢哈利波特，想上格兰芬多想成为像狮子一样的勇敢坚毅的人。,0
24531956,3675125455,独自一人呐,1675219442,河南,5,哈利波特丨神奇动物在哪里。,0
24531956,3674995035,samibacon,1675203704,日本,3,电影好看，书一般,0
24531956,3674853596,April·,1675184137,上海,5,居然没马过 这个封面才是童年啊,0
24531956,3674780739,希,1675181139,广东,3,不懂为啥能超越那么多经典，在我看来平平无奇流量小说，阅读愉快，但也就仅限于愉快，可能是因为我先入为主的观看了很多电影，下意识定性为了类似轻小说的类型，怎么都喜欢不起来 看到评分这么高有点惊讶。。,0
24531956,3674629020,豆友NZLt-TVeX8,1675176111,浙江,,好看,0
24531956,3674245537,Gnot-KID,1675158782,广东,5,小时候最爱，读过好多遍了,0
24531956,3673841705,豆友Hgzaepazcw,1675136858,广东,5,真好,0
24531956,3673724685,昂山素鸡,1675129753,上海,5,当时只买了六七，前面的全是问同学借来看的，没想到现在已经绝版了，有些可惜，应该集一套的,0
24531956,3673698744,末度行吟,1675127863,江苏,5,永永远远的爱,0
24531956,3673692976,太平脯,1675127430,广东,,补标,0
24531956,3673582544,Karma,1675105670,北京,5,每个少年都需要的治愈魔法。一晃离我第一次看已经十来年了。,0
24531956,3088504951,小白还在想ID,1675101224,湖北,5,看完电影补了原著，有点遗憾没在小时候读，但也不算晚。,0
24531956,3673415115,Insel,1675095230,湖北,5,魔法世界开始的地方。感觉看过电影再结合书看，人物变得更加生动。永远忘不掉小天狼星死后书中描写的哈利的状态。电影里面只是简单带过，能看到更深刻的感情，很感动。,0
24531956,3673291078,饼干碎碎,1675091237,山东,5,梦想构建的,0
24531956,3673114245,飞不上天的大云,1675085275,上海,5,感谢他们在我成长的时候恰好出现,0
24531956,3672548010,清峄,1675058290,浙江,5,此生最爱的小说（从小学到现在读了十多遍,0
24531956,3672456110,郝思嘉,1675053611,江苏,5,还是最喜欢莱姆斯·卢平。,0
24531956,3672449812,我养猪的。,1675053263,上海,5,每年重温小说和电影，就好像我还没有长大。,0
24531956,3672430010,Tachyon,1675052138,重庆,4,第一部里面的Lily this Lily that笑死我了,0
24531956,3672236877,过水秋葵,1675040155,山东,4,精彩的故事,0
24531956,3672209838,莹莹啊✨,1675037161,浙江,5,这本书还是初中的时候读的，打开便停不下来，在蝉鸣的暑假时光里，走进异国幻境：魔法、友情、巫师。,0
24531956,3672093950,奇妙蓝色,1675015378,浙江,5,补标,0
24531956,3672034839,积极向上美羊羊,1675011779,重庆,5,我的奇幻小说的启蒙文，当时天天拿我姐的看，很喜欢捏,0
24531956,3671939788,Esther,1675007838,上海,5,从小学第一次读到魔法石，到期盼着每本出版第一时间购买，不记得读过多少遍，至今仍是青春时期的白月光。,0
24531956,3671877850,momo,1675005896,湖北,5,永远喜欢魔法世界,0
24531956,3671783110,怀瑾握瑜,1675002993,湖南,5,巨巨巨爱，永远缅怀SS、布莱克、卢平夫妇等等,0
24531956,3671754692,电影重度唤者,1675002075,湖北,5,和同龄角色一起长大，躲在被窝里用手电筒看,0
24531956,3671699083,🔥,1675000330,吉林,5,永远的童年,0
24531956,3671384638,颜诺凌,1674988574,河北,4,推荐,0
24531956,3671082306,白夜飞鸟🔮,1674975038,内蒙古,4,就是还不错的故事叭,0
24531956,3670980064,kiki,1674970357,陕西,5,不要沉湎于虚幻的梦境，这对你现实的生活没有任何帮助,0
24531956,3670581591,Ritorugurin,1674936603,安徽,5,//（六年级暑假？）,0
24531956,3670531048,己注销,1674930230,广东,5,补标 翻译实在是太好了 没读之前以为是很幼稚老土的儿童文学，读了后一发不可收拾 从前几本偏轻松的魔法学校日常到后面的逐渐显露出来的黑暗面   初入魔法世界的欢喜和对抗伏地魔的压力和恐惧  可以依靠的长辈离世 最好朋友的争吵和分开 后期情节的压抑和心理转变读来竟有种残忍的共鸣感,0
24531956,3670439275,咩咩耶咿,1674925280,河北,5,从小学喜欢很久很久 说不清读过几遍了,0
24531956,3670428638,琳琅,1674924887,湖南,4,这本书倒是真的没什么好说的了，读得很快，也很有趣，以后感觉没必要说的就还是不说了算了(我替自己写下这些字而有些尴尬哈哈哈嗝),0
24531956,3670266275,米虫.,1674919892,河北,5,开阔了我们的思维，开发了孩子们的想象力，不错,0
24531956,3670224517,愿世上在无暴力,1674918757,广东,5,"我的童年
我年少时 为数不多的光",0
24531956,3670208788,moyisinging,1674918339,广东,5,已经读过123456789遍,0
24531956,3670013943,湉湉甜湉,1674913001,天津,5,童话里的「三体」！怎么这么大脑洞呢？,0
24531956,3669989288,lancer,1674912246,浙江,5,小学就读完啦，六年级就追完了第七部，好看😄,0
24531956,3669903588,晶晶嘎嘎笑,1674909455,辽宁,5,我也许一辈子是麻瓜，但世界上一定有霍格沃兹,0
24531956,3669878246,夏天的夏,1674908593,广东,5,答应孩子陪他读完这套书，可是断断续续读了三年才到第五册。,0
24531956,3669871854,桐韵,1674908366,浙江,5,十分魔幻，让人仿佛穿越到了魔法世界,0
24531956,3669847157,小小小小小灯灯,1674907521,浙江,4,寻找九又四分之三站台，罗琳的笔触下是一个奇妙的世界,0
24531956,3669820952,月落雁孤,1674906571,福建,5,滤镜150层，承保俺的童年,0
24531956,3669792895,熵与自旋,1674905482,江苏,5,从我爸那儿“继承”来的哈哈，也在里面发现过老爸年轻时写的打油诗；自己持续六七年一遍又一遍的看，封面已经快翻烂了,0
24531956,3669248739,新新喵,1674884308,浙江,5,值得一读再读，三读，四读……的作品。人性，细节，世界观等，都刻画得非常精彩。,0
24531956,3669017663,Daniel,1674874418,广东,5,真不错,0
24531956,3646223993,噜啦啦,1674865180,北京,5,以前只看到阿兹卡班的囚徒就没再看了，今年春节一口气刷完了七本，终于赶在上班前看完了。我永远爱魔法世界！,0
24531956,3668862500,是酴醾,1674862453,云南,4,追了快十年。结局多少有点“就这？”的感觉。但那个魔法世界仿佛真实存在，这就是童年读物的特权吧。小时候看总把自己代入天选之子或者赫敏视角。成年看，自己连纳威都算不上，就是无名无姓无镜头的路人甲。,0
24531956,3668628779,子岑,1674837640,上海,5,合上书之后带回现实生活中的爱与勇气,0
24531956,3668580981,援琴鸣弦,1674836199,山西,4,在魔法虚幻的世界中寻找真实的自己，每个人心中郁藏着一个海德薇。,0
24531956,3668568388,momo,1674835822,河南,4,童年,0
24531956,3668439651,保持情绪稳定,1674832414,浙江,5,要是我小时候就读了这套书一定会比现在中二很多很多很多啊！！,0
24531956,3668245029,瑾,1674827389,山东,5,少时对阅读的渴望很大程度上是这套书培养起来的，现在还记得把书压在课本下面疯狂迷恋阅读的感觉，书中人物呈现出优美的品质，勇气、善良、团结、真诚，于我而言，全数化为一个梦，根种在一个少女最初的记忆中。,2
24531956,3668153435,Roy,1674824763,河北,5,小学还是初中时，看是看起了小说，后来先看小说再看电影，全部看完了，早已忘记剧中的故事，只记得陪伴自己的时光,0
24531956,3668149009,煮雪望山河,1674824623,广东,5,伟大而奇幻的魔法世界,0
24531956,3668119747,踏遍万水千山,1674823719,吉林,4,很好，是最喜欢的魔幻小说之一，佩服作者的脑洞，很喜欢！,0
24531956,3668003032,ixanm,1674819858,北京,5,小时候读了六七遍的整套书,0
1449351,3678999969,Momo,1675447245,北京,4,@2016-07-03 16:42:29,0
1449351,501731636,酣放自若·安奈,1675434737,北京,5,可以反复读，确实经典。蒋成瑀：“《狂人日记》开心态小说的先河；《阿Q正传》是传记体的变格；《药》写了四个场景，分明是戏剧体小说；《社戏》是抒情体小说；《兔和猫》是寓言体小说；《一件小事》是随笔体小说。”,0
1449351,3678030144,tyhy,1675399384,北京,5,人们走投无路，却不忍看着至亲白白等死，因此倾家荡产地选择相信人血馒头，这是他们最后的希望。也许社会不断发展进步，人们幸福了，自然也不会有这种迷信了...,0
1449351,3675003245,TinvanG,1675399127,辽宁,5,呐喊！即使只有一丝光！,0
1449351,2610530237,赫兹,1675389008,河北,5,补标。旧中国似乎和现在比变化很大，又好像什么都没有变：吃人的社会、麻木又无知的大多数人。我永远愿意散发一丝光热。,0
1449351,3677567408,乌鸦像写字台,1675353716,浙江,5,高中学的，值得反复看,0
1449351,3677547114,百事可乐,1675352925,广东,5,看到一句话：最后我们都会成为小心翼翼的人。,0
1449351,3677207351,豆友rq2nZ41wj0,1675340471,宁夏,5,看到了革命的历史看到了中国当时的黑暗的世界,0
1449351,3676744232,暖雪,1675316988,辽宁,5,狂人做官才是真正的讽刺。,0
1449351,3676343945,步甜,1675276761,江苏,5,江苏文科生，读过太多遍。给我幼小的心灵带来极大的震撼。直到现在，仍为此颤抖。,0
1449351,3643063876,任盈盈,1675272646,广西,4,有些地方的白话文还是不大看得懂，但看得很舒心，没能连续的看，多少还是受了工作生活琐碎的影响，到后期扰了心境，以致忘记一手感受了。,0
1449351,3676084420,请叫我小浣熊,1675264401,浙江,5,之前收录在教材的内容还是看的挺有意思的，回味着自己的童年，但剩下的就半知不解啦……接着在看《彷徨》，真的有点彷徨迷茫,0
1449351,3676060870,GTHC85,1675263699,上海,5,很经典。鲁迅的语言总是发人深省，即使在多年后时代不同了再去读也一样。清醒之人的话不管在任何时代都是可以找到共鸣的。,0
1449351,3675861024,chariots of fir,1675257235,安徽,5,弟弟刚上初中，翻看他们的语文课本，迅哥的文章还在。他的文章存在于课本一天，我们的底色就仍未改变，这是新文学的第一声呐喊，如果能想到什么词，那便是“思想启蒙”吧。,0
1449351,3675850265,我是MT,1675256863,陕西,5,迅哥儿的书必须好评,0
1449351,3675797553,辰墨是金,1675254722,河南,5,看的好压抑，但先生就是先生！！,0
1449351,3618813147,百里奚,1675246951,四川,5,比起课本上的，端午节中描写的方玄绰至今还讽刺着大部分人,0
1449351,3675147168,摆烂冠军,1675220835,北京,5,先生的书 常看常新 每每读完总有新的感悟,0
1449351,3675100464,sarahbudavsky,1675217782,广东,5,鲁迅的文章越看越有味道。,0
1449351,3675053464,o柠檬o,1675213894,河北,5,不必多说 上学的时候读过 工作了以后也读过,0
1449351,3674653397,今天读书了没,1675176917,广东,5,经典永远屹立不倒,0
1449351,3674576650,山川明朗,1675174319,安徽,5,没的说,0
1449351,3674570794,独角长颈鹿,1675174112,北京,5,抛开政治、名人的光环，单纯的读鲁迅的文字，也觉得很有趣。,0
1449351,3674425531,樱宏志（刘成飞,1675168550,陕西,5,呐喊！！！！！！！！,0
1449351,3674352578,Farewell,1675164873,安徽,5,《狂人日记》之呐喊,0
1449351,3674118570,斯德哥尔摩的海,1675152106,上海,5,描写现实直观而真实，鲁迅先生的敏锐无人能及。,0
1449351,3674020258,娣姜的鱼,1675146548,山东,5,致死都爱鲁迅先生的文章。,0
1449351,3673907602,神秘的小猫咪A,1675140576,江西,5,最喜欢的鲁迅短篇小说全都收录在此,0
1449351,3331440957,joker,1675137992,山西,5,这一部收录的都是经典啊，狂人日记，孔乙己，故乡，药，阿Q……作者的文笔是真的好啊，每一部作品都企图唤醒旧社会的人们，每一部作品都展现出旧社会的样子，读起来真的是感觉置身于其中，既为那时的人们感到悲哀，又为作者企图唤醒他们奋劲呐喊的决心而感动……,0
1449351,3673842916,豆友Hgzaepazcw,1675136923,广东,5,先生千古,0
1449351,3673613279,脉脉不得语,1675111807,湖北,5,里面的所有故事，在过去被誉为经典，在现在“此内容因违规无法查看”,0
1449351,3673594878,hubble-bubble¾,1675107479,新疆,5,不必说，经典,0
1449351,3673516180,白岚子,1675099661,广东,5,该走的路，该看的的书，一点都不会少,0
1449351,3673380714,莉莉,1675094067,辽宁,5,值得去看的一本书，我挺喜欢的！,0
1449351,2929311551,木梓一茶,1675081732,四川,5,"从初中以来就反复看鲁迅，如今才打算从头到尾认真重读一遍，竟也与当初产生了许多不尽相同的感想。
初中高中还自诩最喜欢的作家是鲁迅，现在想来难免惭愧。

感受到了破土而生的力量，和悬而未决的痛苦。
描写的都是在辛亥革命前后苦苦挣扎小人物，浮沉于历史长河中。

精妙的比喻实在是太多了，仅摘录一处：“假如一间铁屋子，是绝无窗户而万难破毁的，里面有许多熟睡的人们，不久就要闷死了，然而是从昏睡入死灭，并不感到就死的悲哀。现在你大嚷起来，惊起了较为清醒的几个人，使这不幸的少数者来受无可挽救的临终的苦楚，你倒以为对得起他们么？”

然而鲁迅依然得出了自己的结论：“说到希望，却是不能抹杀的，因为希望是在于将来，决不能以我之必无的证明，来折服了他之所谓可有。”

为在寂寞里奔驰的勇士献上慰藉，是为呐喊。",1
1449351,3672655251,长白旧人,1675062950,辽宁,5,不愧是鲁迅先生,0
1449351,3672632971,迷糊桃🥝,1675061906,北京,5,为鲁迅专题教学细读文章，鲁迅先生的文章深刻而充满民族气节。,0
1449351,3672388588,做个人吧,1675049676,重庆,5,很遗憾，大学才读完这本书，虽然初中就要求我们读了。迅哥儿真的无可挑剔,0
1449351,3672078118,积极向上美羊羊,1675014255,重庆,5,你们没听见他在说什么吗？,0
1449351,3655076627,书佳,1674992278,内蒙古,5,建议有些人熟读背诵阿Q正传第四章,0
1449351,3671444403,随风,1674990996,浙江,4,最喜欢社戏,0
1449351,3671441845,以撒,1674990891,甘肃,5,救救孩子。。。,0
1449351,3671390000,颜诺凌,1674988818,河北,4,一个特立独行的人需要金钱来保持他的尊严，否则就只有被毁灭的份，人们是不能容忍一个穷光蛋的异类的。就象一个老姑娘要用钱保持她的高傲，否则就是耻辱。,0
1449351,3671268599,踏花寻竹坞-Tt,1674983351,湖南,5,无法想象在当时的年代，鲁迅先生开创先人之风，用明锐的洞察力，剖析现实黑暗，抨击封建腐朽，字字诛心……于笔下塑造出一个个可怜可恨、庸碌俗利的人物形象……一个“吃人”的社会，悲惨……,0
1449351,3670784860,a cool fish,1674960809,广东,5,一件小事☺️,0
1449351,3670613256,无味无谓无畏,1674944834,江苏,5,高中必读,0
1449351,3670579030,十七,1674936136,江西,4,我还没真正遇见鲁迅,0
1449351,3670344828,momo,1674922121,法国,5,终于把这本书又重读了…,0
1449351,3669226473,舍万人,1674918596,上海,5,鲁迅 yyds,0
1449351,3669158321,momo,1674880733,浙江,5,小学到大学读了好几遍，今年想再读一遍。小学的时候读了个一知半解，瞎模仿写了好多阴阳怪气的文章，把我们语文老师气到撕了我的作文簿。。。文字是有力量的,0
1449351,3668869611,k,1674863626,河北,5,是藏在书箱后的青酸钾,0
1449351,3668498745,汪恕有,1674833893,江苏,,我得找个女人……,0
1449351,3668444352,萧萧,1674832525,辽宁,5,"喜欢药，故乡、阿Q和社戏。
狂人日记里面只有吃人二字和“狮子的凶心，兔子的怯弱，狐狸的狡猾”。
阿Q把当时中国人的劣根性写活了，现在虽然是和平年代，遇到坏事儿看热闹的也不少，然而这个时代的是非对错也并不容易判断。",0
1449351,3668305448,来自星空的眷恋,1674828977,内蒙古,5,初中读的，现在重新翻看依然震撼,0
1449351,3667972764,hokori,1674818742,北京,5,那罗汉豆的滋味或许不会再有。,0
1449351,2498468219,文以载道,1674794160,内蒙古,5,"-2-5《狂人日记》
将来是容不得吃人的人...

2-5 《孔乙己》
我到现在终于没有见－大约孔乙己的确死了。

2-6 《药》
华夏。
2-7 《一件小事》
反省知识分子有的那种清高，逐渐增长的冷漠冷血，自以为看透了一切的自傲的反思。",0
1449351,3667243399,小泉,1674790435,广西,5,补标,0
1449351,3667071450,斋文,1674780273,英国,4,撇开时代谈鲁迅作品没有意义 课本中课堂上的鲁迅远没有长大后重读时鲜活 可惜小时候没遇到一个好的语文老师,0
1449351,3666808363,Lavoisier,1674752316,福建,5,有什么变化呢,0
1449351,3666728903,默尔索如是说,1674749948,北京,5,高三的时候读的,0
1449351,3666646569,寒渡,1674747823,四川,5,鲁迅小说集里的精粹,0
1449351,3378641420,大能猫爱吃鱼,1674746087,山东,5,一个特立独行的人需要金钱来保持他的尊严，否则就只有被毁灭的份，人们是不能容忍一个穷光蛋的异类的。就象一个老姑娘要用钱保持她的高傲，否则就是耻辱。,0
1449351,3666570744,疏瀹五藏,1674746072,浙江,5,"常看常新，常看常新。
每每经历更多再读呐喊彷徨也会有不一样的思考。
大抵是因为映射百年前的社会，不甚久远，有些生活琐事相比照仍很能共鸣。
先生笔触可谓犀利，确是一针见血。",0
1449351,3666242526,缩腿儿丫🍡,1674737669,中国香港,5,"譬如看见老辈威压青年，,在先是要愤愤的，但现在却就转念道，将来这少年有了儿孙时，大抵也要摆这架子的罢，便再设有什么不平了。又如看见兵士打车夫，在先也要愤愤的，但现在也就转念道，倘使这车夫当了兵，这兵拉了车，大抵也就这么打，便再也不放在心上了。",0
1449351,3666208907,晃荡者,1674736669,浙江,5,私以为小说最重要的不是故事，不是其他，而是文体。如果一个作者无法形成他自己独有的语言风格，读者不能一看文字就知道，“呀，这是他呀”，大体是不会太成功的。当然再鲜明的文体也有“好”“坏”之分，这里的好坏不是什么客观标准，我把它理解为读者主观的喜欢和不喜欢。鲁迅的文体就是独属于他的，令人惊叹喜爱的，其他人无法模仿的东西。再想到，他的文体还是在第一个对白话文小说写作的探索中产生的，再多的溢美之词也不为过。,0
1449351,3666037959,冰糖熊猫,1674731231,四川,5,他真的是勇士,0
1449351,3628430451,Stella,1674727828,山西,5,看着心里难受～ 孔乙己、单四嫂子、小栓、夏瑜、陈士成，每个人悲戚的命运都让人叹息。,0
1449351,3665517528,无眠,1674711364,河南,5,觉得他满身灰尘的后影刹时高大了，而且愈走愈大，须仰视才见。渐渐的又几乎变成一种威压，甚而至于要榨出皮袍下面藏着的“小”来。独有这件小事，总浮在我眼前，有时反更分明，叫我惭愧，催我自新，并且增长我的勇气和希望。,0
1449351,3664958742,拾荒,1674668239,浙江,5,"书名完美概括内核。
鲁迅先生在《故乡》一文中写道：“希望本是无所谓有，无所谓无的。这正如地上的路；其实地上本没有路，走的人多了，也便成了路。”我这样理解：其实希望本也是没有的，为之呐喊、奋斗、流血、牺牲的人多了，也便有了希望。
这和“铁屋之辩”的思想内核是一致的。钱玄同先生告诉迅哥儿说，只要有几个清醒的人起来了，只要更大声地呐喊、呼救、奔走相唤，总能唤起更多的人；起来的人多了，冲破铁屋的可能性就大了，希望自然就有了。
“众人拾柴火焰高。”",0
1449351,3664950161,哆啦A梦,1674667927,广东,5,初高中语文书上选的都是精品。,0
1449351,3664329359,额额额额额额,1674652839,陕西,5,凭什么不给五星,0
1449351,3664012058,超人爱吃肉,1674644145,内蒙古,5,你迅哥就是你迅哥,0
1449351,3663891611,六个哈,1674640638,安徽,5,挺好的,0
1449351,3663835627,why,1674638913,安徽,5,我是跟风狗,0
1449351,3663693328,咖啡不加糖,1674634545,广东,4,读罢，可叹鲁迅笔下的人物依然大量存在于世间，可鲁迅先生已经不在了。,0
1449351,3663544606,Siccy,1674629641,山东,4,好像年纪越大，越能体会到各中情感,0
1449351,3663407410,南库,1674625284,内蒙古,5,作为文学作品，鲁迅的文学水平简直太棒了，药一篇把围观的群众写成是鸭子这是有怎样的想象力，或者写新发芽的大小是米粒大小这样的比喻让人一下子就知道在什么样的季节，这本书的精妙绝伦简直难以写尽。太值得一读了，真的实在是写的太好了，这样的作家只能说是如同从石头里蹦出来的孙悟空一样少又弥足珍贵，难得的是还心系国家铁肩担道义，要呐喊出时代强音鼓舞那些囿于囚笼的年轻人，写的实在太好了。阿q正传也是，怎么吧麻木不仁和时代悲剧写的这么到位呢，真的是太好了,0
1449351,3660237770,威尔第的星期三,1674624819,河北,4,在姥姥家发现6年级的小表妹在大声朗读朝花夕拾，碰巧在大表妹书架上看到『呐喊』从小语文成绩不佳的我怎么会想到多少年后会拿鲁迅的书来读（笑）于是『鼓故乡』之类的内容又有了别的感受。短篇小说的故事总像把一些人的生活撕了个口子，让人窥探了他们生活的一小段，这本尤其有这种感觉。看完呐喊仿佛知道了很多耳熟能详的内容的出处。在某个特定时代下背景的创作，愚钝如我只能试图去体会，但总有一些亘古不变的人性。有趣。 （另外传出去 先生虐猫（不是）,0
1449351,3663119205,霸气侧漏,1674617198,河北,4,谁能想到现在会主动去阅读中学语文课本呢,0
1449351,3663059368,我不能吃小番茄,1674615155,四川,5,我能说什么？新年看看情况收一套全集。,0
1449351,3662909712,几力娃娃,1674605849,浙江,5,小时候喜欢看鲁迅的著作，其实并不怎么理解其中深意，大抵是为了能在写小作文的时候，用一些诸如“大抵”“罢”之类的词体现水平罢。,0
1449351,3662811979,www,1674587686,上海,5,有时过度强调鲁迅作品的思想性，会忘记他作品的文学性也是一流,0
1449351,3662387252,Flora.💛,1674573545,上海,5,古今人不相远,0
1449351,3661758859,Winnie11171001,1674558672,上海,5,在座的各位在迅哥儿面前都是渣渣,0
1449351,3661686934,植物阴凉,1674556496,四川,5,20年前，在学生时代。最喜欢的作家。没有之一。启蒙了我对人文的兴趣。买过他的全集，模仿他的文笔，无论是过去，现在或是未来，他都是唯一。他所有的作品都看过很多遍了。评价就不用评价了，欣赏就完事了。,0
1449351,3005004446,吴毅,1674555399,吉林,5,2023.01.24说实话看的似懂非懂，能感受到其间蕴藏的巨大力量，但却又无法准确把握。,0
1449351,3661271058,乐事小狗,1674543328,安徽,5,我通过呐喊 想让世人醒悟,0
1449351,3660973980,八分素食主义者,1674532592,安徽,4,先生是伟大的,0
1449351,2925020030,Merak,1674530149,山东,5,有些文字，的确痛到让人无法形容。鲁迅先生的短篇小说，精妙绝伦！！,0
1449351,3660518896,正义的来福灵,1674497164,广东,5,一声叹息,0
1449351,3660301618,LORRY,1674490368,江西,5,鲁迅的短篇小说集，唤醒那个年代多数人麻痹的心。 又想起那句，绝对的民主是绝对的独裁。,0
1449351,3659208258,Kjuly,1674465348,福建,,2021-09-05,0
1449351,3657130895,Even,1674403409,山东,4,🐰年第一本,0
1449351,3657218344,和小桀看电影吗,1674389491,山东,5,呐喊———,0
1449351,3657191596,修行者张引,1674388706,湖北,5,众生相，鲁迅的刻画真是入木三分，每一个形象的背后都是一个群体，有些即使是现在依然适用。,0
1449351,3656822278,暂停观光,1674377385,上海,5,《阿Q正传》常读常新，当真笔力万钧,0
1449351,3656760450,豆友5963624614,1674375320,四川,5,又在怀念迅哥儿,0
1449351,3656431722,纯爱战神,1674363764,湖南,5,只有那暗夜为想变成明天，却仍在这寂静里奔波。,0
1449351,3656372198,豆友1-HzHVw7nQ,1674361736,内蒙古,5,日常難眠，吃過藥後，本意讀個短篇以待藥力。隨手翻開了魯迅的短篇，越讀越心驚，越讀越無了睡意。從狂人日記到白光，讀罷。思緒複雜，從來就有便是對嗎？人應是吃人的，剝皮、片肉、剔骨、吸髓，至今如此。從故事新編到吶喊，從五四到如今。可喜過去有鬥士，可悲現在沒了。,0
1449351,3656249808,sofia,1674357132,河南,3,“这真是一代不如一代！”,0
